"layer_id","layer","feature_id","bioshift_long_cent","bioshift_lat_cent","area_m2","area_km2","calculation_status"
"1","A1_P1",1,6.62110251757266,46.1078481124636,462518996.154272,462.518996154272,"success"
"2","A1_P2",1,5.22593536915874,44.1468256447832,254082042.349431,254.082042349431,"success"
"3","A10_P1",1,-98.806995588751,39.8917067651249,7926699454144.79,7926699.45414479,"success"
"4","A100_P1",1,7.36103430817844,45.7926874300513,816205.832504797,0.816205832504797,"success"
"5","A100_P2",1,7.36103430817844,45.7926874300513,816205.832504797,0.816205832504797,"success"
"6","A100_P3",1,7.36103430817844,45.7926874300513,816205.832504797,0.816205832504797,"success"
"7","A101_P1",1,-71.2995296597378,-12.8718173622358,13800795185.301,13800.795185301,"success"
"8","A102_P1",1,121.29461206663,24.1934904473248,9446026.19566479,9.44602619566479,"success"
"9","A102_P2",1,121.29461206663,24.1934904473248,9446026.19566479,9.44602619566479,"success"
"10","A102_P3",1,121.29461206663,24.1934904473248,9446026.19566479,9.44602619566479,"success"
"11","A102_P4",1,121.267094172929,24.1622244753594,4799491.71527722,4.79949171527722,"success"
"12","A102_P5",1,121.267094172929,24.1622244753594,4799491.71527722,4.79949171527722,"success"
"13","A102_P6",1,121.267094172929,24.1622244753594,4799491.71527722,4.79949171527722,"success"
"14","A103_P1",1,58.2111424573258,-39.1703919308304,1851617297116.69,1851617.29711669,"success"
"15","A104_P1",1,-3.56490652832313,40.3596351641994,493125403566.959,493125.403566959,"success"
"16","A105_P1",1,116.541875248389,6.03531380351923,15626641.7475966,15.6266417475966,"success"
"17","A106_P1",1,116.541875248389,6.03531380351923,15626641.7475966,15.6266417475966,"success"
"18","A107_P1",1,-85.6641802456145,44.8369731769926,249940572328.109,249940.572328109,"success"
"19","A108_P1",1,-85.6641802456145,44.8369731769926,249940572328.109,249940.572328109,"success"
"20","A109_P1",1,-116.427433647771,33.2695334904554,4899542963.88652,4899.54296388652,"success"
"21","A11_P1",1,-1.91619343503823,54.3089653,NA,NA,"area_failed"
"21","A11_P1",2,-4.54817833062864,54.2234599297386,586336038.757315,586.336038757315,"success"
"21","A11_P1",3,-5.2402952646554,55.5750849098496,421787234.110378,421.787234110378,"success"
"21","A11_P1",4,-5.09616922778356,55.8302498555992,121243246.733096,121.243246733096,"success"
"21","A11_P1",5,-5.91130590928973,55.9652810689564,370343718.614818,370.343718614817,"success"
"21","A11_P1",6,-6.2497812452269,55.766537577258,623851080.828302,623.851080828302,"success"
"21","A11_P1",7,-1.25031182301294,60.3957217054297,1611532001.88129,1611.53200188129,"success"
"21","A11_P1",8,-6.02872235482594,56.4489479856068,925019964.723472,925.019964723472,"success"
"21","A11_P1",9,-6.87994038981514,57.9044754486622,3230444481.29034,3230.44448129034,"success"
"21","A11_P1",10,-6.23771309074596,57.3641413186138,1789315480.80864,1789.31548080864,"success"
"21","A11_P1",11,-2.99822452548069,59.0485173299616,1602307194.92075,1602.30719492075,"success"
"22","A11_P2",1,-1.91619343503823,54.3089653,NA,NA,"area_failed"
"22","A11_P2",2,-4.54817833062864,54.2234599297386,586336038.757315,586.336038757315,"success"
"22","A11_P2",3,-5.2402952646554,55.5750849098496,421787234.110378,421.787234110378,"success"
"22","A11_P2",4,-5.09616922778356,55.8302498555992,121243246.733096,121.243246733096,"success"
"22","A11_P2",5,-5.91130590928973,55.9652810689564,370343718.614818,370.343718614817,"success"
"22","A11_P2",6,-6.2497812452269,55.766537577258,623851080.828302,623.851080828302,"success"
"22","A11_P2",7,-1.25031182301294,60.3957217054297,1611532001.88129,1611.53200188129,"success"
"22","A11_P2",8,-6.02872235482594,56.4489479856068,925019964.723472,925.019964723472,"success"
"22","A11_P2",9,-6.87994038981514,57.9044754486622,3230444481.29034,3230.44448129034,"success"
"22","A11_P2",10,-6.23771309074596,57.3641413186138,1789315480.80864,1789.31548080864,"success"
"22","A11_P2",11,-2.99822452548069,59.0485173299616,1602307194.92075,1602.30719492075,"success"
"23","A110_P1",1,-85.7068669114248,50.3572675294702,991301650484.011,991301.650484011,"success"
"24","A110_P2",1,-85.7068669114248,50.3572675294702,991301650484.011,991301.650484011,"success"
"25","A111_P1",1,14.5894406389661,58.1309807418042,134110389168.213,134110.389168213,"success"
"26","A112_P1",1,147.09592016714,-42.2563145901438,17699128243.4282,17699.1282434282,"success"
"27","A113_P1",1,26.1970769514045,64.2644104917052,331702507067.094,331702.507067094,"success"
"28","A113_P2",1,26.1970769514045,64.2644104917052,331702507067.094,331702.507067094,"success"
"29","A113_P3",1,26.1970769514045,64.2644104917052,331702507067.094,331702.507067094,"success"
"30","A113_P4",1,26.1970769514045,64.2644104917052,331702507067.094,331702.507067094,"success"
"31","A113_P5",1,26.1970769514045,64.2644104917052,331702507067.094,331702.507067094,"success"
"32","A114_P1",1,26.1970769514045,64.2644104917052,331702507067.094,331702.507067094,"success"
"33","A115_P1",1,-121.323847339976,40.3978758805733,15344307418.0654,15344.3074180654,"success"
"34","A115_P2",1,-119.912111386553,37.8536816891552,10367435914.8811,10367.4359148811,"success"
"35","A115_P3",1,-118.858596707075,36.1510523392538,27472839197.2356,27472.8391972356,"success"
"36","A116_P1",1,37.8376042340597,63.852231467668,99714657151478.8,99714657.1514788,"success"
"37","A117_P1",1,177.784702114845,51.8953866832724,28584334871.6541,28584.3348716541,"success"
"37","A117_P1",2,-173.952194332604,52.4907887139626,51702674947.6405,51702.6749476405,"success"
"38","A117_P2",1,-168.549223652104,58.2102743724399,334299340373.093,334299.340373093,"success"
"39","A117_P3",1,-147.200759245864,57.6657155911073,520369399506.402,520369.399506402,"success"
"40","A117_P4",1,-92.7775400665849,28.1411323709686,148336952545.933,148336.952545933,"success"
"41","A117_P5",1,-70.9111045859962,40.1711821896771,163732361828.779,163732.361828779,"success"
"42","A117_P6",1,-124.672258520127,43.4229319168635,133412477738.325,133412.477738325,"success"
"43","A117_P7",1,-51.6436935027764,48.893137466949,233753724794.816,233753.724794816,"success"
"44","A117_P8",1,-62.950732091772,43.9035460493359,78203743469.1402,78203.7434691402,"success"
"45","A117_P9",1,-62.8817820485683,47.3902351447301,40729238662.9233,40729.2386629233,"success"
"46","A118_P1",1,-3.92539812524926,40.8435515289883,5187004566.46279,5187.00456646279,"success"
"47","A119_P1",1,-115.452832807573,40.479028149075,1362027512.45576,1362.02751245576,"success"
"47","A119_P1",2,-115.13414236172,40.9395195688861,242685313.49092,242.68531349092,"success"
"48","A12_P1",1,-120.161043845378,38.19338015,NA,NA,"area_failed"
"49","A120_P1",1,-16.2070988414674,15.5023919877919,5091214485.21267,5091.21448521267,"success"
"50","A121_P1",1,10.0073791180773,46.6130823302929,754859604.571741,754.859604571741,"success"
"51","A122_P1",1,-99.156337743863,42.4165594411016,10075703984214.9,10075703.9842149,"success"
"52","A123_P1",1,26.7310723134507,-28.7890881842149,905897020819.407,905897.020819407,"success"
"53","A124_P1",1,-5.47624738010593,43.9256500556402,66287053968.7845,66287.0539687845,"success"
"54","A125_P1",1,-3.71069560497399,41.8742259208487,114984715537.261,114984.715537261,"success"
"55","A126_P1",1,-5.64780672444923,43.8922928678817,52932386042.8532,52932.3860428532,"success"
"56","A127_P1",1,4.01203363781303,56.0302948667572,307618270543.942,307618.270543942,"success"
"57","A128_P1",1,-119.630338831964,37.8271572208251,3835135373.63117,3835.13537363117,"success"
"58","A129_P1",1,-1.91619343503823,54.3089653,NA,NA,"area_failed"
"58","A129_P1",2,-4.54817833062864,54.2234599297386,586336038.757315,586.336038757315,"success"
"58","A129_P1",3,-5.2402952646554,55.5750849098496,421787234.110378,421.787234110378,"success"
"58","A129_P1",4,-5.09616922778356,55.8302498555992,121243246.733096,121.243246733096,"success"
"58","A129_P1",5,-5.91130590928973,55.9652810689564,370343718.614818,370.343718614817,"success"
"58","A129_P1",6,-6.2497812452269,55.766537577258,623851080.828302,623.851080828302,"success"
"58","A129_P1",7,-6.02872235482594,56.4489479856068,925019964.723472,925.019964723472,"success"
"58","A129_P1",8,-6.87994038981514,57.9044754486622,3230444481.29034,3230.44448129034,"success"
"58","A129_P1",9,-6.23771309074596,57.3641413186138,1789315480.80864,1789.31548080864,"success"
"59","A129_P2",1,-1.91619343503823,54.3089653,NA,NA,"area_failed"
"59","A129_P2",2,-4.54817833062864,54.2234599297386,586336038.757315,586.336038757315,"success"
"59","A129_P2",3,-5.2402952646554,55.5750849098496,421787234.110378,421.787234110378,"success"
"59","A129_P2",4,-5.09616922778356,55.8302498555992,121243246.733096,121.243246733096,"success"
"59","A129_P2",5,-5.91130590928973,55.9652810689564,370343718.614818,370.343718614817,"success"
"59","A129_P2",6,-6.2497812452269,55.766537577258,623851080.828302,623.851080828302,"success"
"59","A129_P2",7,-6.02872235482594,56.4489479856068,925019964.723472,925.019964723472,"success"
"59","A129_P2",8,-6.87994038981514,57.9044754486622,3230444481.29034,3230.44448129034,"success"
"59","A129_P2",9,-6.23771309074596,57.3641413186138,1789315480.80864,1789.31548080864,"success"
"60","A129_P3",1,-1.91619343503823,54.3089653,NA,NA,"area_failed"
"60","A129_P3",2,-4.54817833062864,54.2234599297386,586336038.757315,586.336038757315,"success"
"60","A129_P3",3,-5.2402952646554,55.5750849098496,421787234.110378,421.787234110378,"success"
"60","A129_P3",4,-5.09616922778356,55.8302498555992,121243246.733096,121.243246733096,"success"
"60","A129_P3",5,-5.91130590928973,55.9652810689564,370343718.614818,370.343718614817,"success"
"60","A129_P3",6,-6.2497812452269,55.766537577258,623851080.828302,623.851080828302,"success"
"60","A129_P3",7,-6.02872235482594,56.4489479856068,925019964.723472,925.019964723472,"success"
"60","A129_P3",8,-6.87994038981514,57.9044754486622,3230444481.29034,3230.44448129034,"success"
"60","A129_P3",9,-6.23771309074596,57.3641413186138,1789315480.80864,1789.31548080864,"success"
"61","A129_P4",1,-1.91619343503823,54.3089653,NA,NA,"area_failed"
"61","A129_P4",2,-4.54817833062864,54.2234599297386,586336038.757315,586.336038757315,"success"
"61","A129_P4",3,-5.2402952646554,55.5750849098496,421787234.110378,421.787234110378,"success"
"61","A129_P4",4,-5.09616922778356,55.8302498555992,121243246.733096,121.243246733096,"success"
"61","A129_P4",5,-5.91130590928973,55.9652810689564,370343718.614818,370.343718614817,"success"
"61","A129_P4",6,-6.2497812452269,55.766537577258,623851080.828302,623.851080828302,"success"
"61","A129_P4",7,-6.02872235482594,56.4489479856068,925019964.723472,925.019964723472,"success"
"61","A129_P4",8,-6.87994038981514,57.9044754486622,3230444481.29034,3230.44448129034,"success"
"61","A129_P4",9,-6.23771309074596,57.3641413186138,1789315480.80864,1789.31548080864,"success"
"62","A13_P1",1,2.46723792925696,46.5786929544103,538047721464.669,538047.721464669,"success"
"63","A130_P1",1,103.46821359185,36.6932051827419,9334495283389.34,9334495.28338934,"success"
"64","A131_P1",1,-82.9336549160746,35.4696858490948,16643301055.2709,16643.3010552709,"success"
"65","A132_P1",1,-168.134971359084,58.3791152663325,449278800125.945,449278.800125945,"success"
"66","A133_P1",1,15.6833527533981,50.739071616261,4259546857.20952,4259.54685720952,"success"
"67","A133_P2",1,15.6833527533981,50.739071616261,4259546857.20952,4259.54685720952,"success"
"68","A134_P1",1,-1.91619343503823,54.3089653,NA,NA,"area_failed"
"68","A134_P1",2,-4.54817833062864,54.2234599297386,586336038.757315,586.336038757315,"success"
"68","A134_P1",3,-5.2402952646554,55.5750849098496,421787234.110378,421.787234110378,"success"
"68","A134_P1",4,-5.09616922778356,55.8302498555992,121243246.733096,121.243246733096,"success"
"68","A134_P1",5,-5.91130590928973,55.9652810689564,370343718.614818,370.343718614817,"success"
"68","A134_P1",6,-6.2497812452269,55.766537577258,623851080.828302,623.851080828302,"success"
"68","A134_P1",7,-1.25031182301294,60.3957217054297,1611532001.88129,1611.53200188129,"success"
"68","A134_P1",8,-6.69562505255722,54.6081774133918,14065113400.5923,14065.1134005923,"success"
"68","A134_P1",9,-6.02872235482594,56.4489479856068,925019964.723472,925.019964723472,"success"
"68","A134_P1",10,-6.87994038981514,57.9044754486622,3230444481.29034,3230.44448129034,"success"
"68","A134_P1",11,-6.23771309074596,57.3641413186138,1789315480.80864,1789.31548080864,"success"
"68","A134_P1",12,-2.99822452548069,59.0485173299616,1602307194.92075,1602.30719492075,"success"
"69","A135_P1",1,16.2613309400674,62.4238117275306,443343669709.488,443343.669709488,"success"
"70","A136_P1",1,-100.89335231148,51.5172011740323,19513458420305.7,19513458.4203057,"success"
"71","A136_P2",1,23.637521769636,53.5563755,NA,NA,"area_failed"
"72","A136_P3",1,-100.89335231148,51.5172011740323,19513458420305.7,19513458.4203057,"success"
"73","A136_P4",1,23.637521769636,53.5563755,NA,NA,"area_failed"
"74","A136_P5",1,-100.89335231148,51.5172011740323,19513458420305.7,19513458.4203057,"success"
"75","A136_P6",1,23.637521769636,53.5563755,NA,NA,"area_failed"
"76","A137_P1",1,103.46821359185,36.6932051827419,9334495283389.34,9334495.28338934,"success"
"77","A138_P1",1,-87.3381323571889,46.3447173836196,42834674136.709,42834.674136709,"success"
"77","A138_P1",2,-84.6179178641168,43.4777755285407,106214176430.644,106214.176430644,"success"
"78","A139_P1",1,-86.4370339299908,45.9407692057401,208585547144.904,208585.547144904,"success"
"79","A139_P2",1,-86.4370339299908,45.9407692057401,208585547144.904,208585.547144904,"success"
"80","A14_P1",1,9.00527979365069,61.4886378903615,57152478.3646476,57.1524783646476,"success"
"81","A140_P1",1,-99.2867374124089,31.4268075506465,696242898379.535,696242.898379535,"success"
"82","A141_P1",1,-2.52673541935828,53.9574327888739,226481690036.778,226481.690036778,"success"
"83","A142_P1",1,15.6833527533981,50.739071616261,4259546857.20952,4259.54685720952,"success"
"84","A143_P1",1,26.1970769514045,64.2644104917052,331702507067.094,331702.507067094,"success"
"85","A144_P1",1,26.1970769514045,64.2644104917052,331702507067.094,331702.507067094,"success"
"86","A145_P1",1,103.46821359185,36.6932051827419,9334495283389.34,9334495.28338934,"success"
"87","A146_P1",1,156.859804161838,-20.9903698,NA,NA,"area_failed"
"88","A147_P1",1,-119.464195010662,37.1881048753926,407691236447.512,407691.236447512,"success"
"89","A148_P1",1,5.2783090298932,54.046695151172,105518581824.354,105518.581824354,"success"
"90","A149_P1",1,2.19384428876889,41.2999335427775,10009983709.2547,10009.9837092547,"success"
"91","A15_P1",1,-1.91619343503823,54.3089653,NA,NA,"area_failed"
"91","A15_P1",2,-4.54817833062864,54.2234599297386,586336038.757315,586.336038757315,"success"
"91","A15_P1",3,-5.2402952646554,55.5750849098496,421787234.110378,421.787234110378,"success"
"91","A15_P1",4,-5.09616922778356,55.8302498555992,121243246.733096,121.243246733096,"success"
"91","A15_P1",5,-5.91130590928973,55.9652810689564,370343718.614818,370.343718614817,"success"
"91","A15_P1",6,-6.2497812452269,55.766537577258,623851080.828302,623.851080828302,"success"
"91","A15_P1",7,-1.25031182301294,60.3957217054297,1611532001.88129,1611.53200188129,"success"
"91","A15_P1",8,-7.92569325329116,53.4089143468173,83873718158.432,83873.718158432,"success"
"91","A15_P1",9,-6.02872235482594,56.4489479856068,925019964.723472,925.019964723472,"success"
"91","A15_P1",10,-6.87994038981514,57.9044754486622,3230444481.29034,3230.44448129034,"success"
"91","A15_P1",11,-6.23771309074596,57.3641413186138,1789315480.80864,1789.31548080864,"success"
"91","A15_P1",12,-2.99822452548069,59.0485173299616,1602307194.92075,1602.30719492075,"success"
"91","A15_P1",13,17.9233642090195,63.5752900281398,1129341998504.95,1129341.99850495,"success"
"91","A15_P1",14,10.3906339000281,47.8567678,NA,NA,"area_failed"
"91","A15_P1",15,9.10134893872128,42.1450314434004,8734465449.13862,8734.46544913862,"success"
"91","A15_P1",16,9.0263336360728,40.085330450591,23884521553.701,23884.521553701,"success"
"91","A15_P1",17,14.1552061685783,37.5828027003058,25642191431.2112,25642.1914312112,"success"
"91","A15_P1",18,-6.86034618225515,62.0701491910249,2012683663.64854,2012.68366364854,"success"
"91","A15_P1",19,20.0613564823735,60.189736293423,1780363004.63209,1780.36300463209,"success"
"91","A15_P1",20,22.6362727793919,58.890687056628,1044774843.19739,1044.77484319739,"success"
"91","A15_P1",21,22.4913119327029,58.3783229605318,2738053168.09863,2738.05316809863,"success"
"91","A15_P1",22,18.531858323504,57.5054221419724,3142670194.82888,3142.67019482888,"success"
"91","A15_P1",23,16.676446015398,56.7486368945312,1363381601.196,1363.381601196,"success"
"91","A15_P1",24,14.9064172020778,55.1273060049384,574608299.325941,574.608299325941,"success"
"91","A15_P1",25,11.8277538448442,55.4056748542235,9446732776.96633,9446.73277696633,"success"
"91","A15_P1",26,10.3413306985598,55.3249089728748,3221509101.43806,3221.50910143806,"success"
"91","A15_P1",27,10.6747503953312,54.9097321223242,401480011.451864,401.480011451864,"success"
"91","A15_P1",28,-1.30588642284294,50.6811359847941,403378505.705359,403.378505705359,"success"
"91","A15_P1",29,1.40526434087128,38.9822320484656,572538523.560536,572.538523560536,"success"
"91","A15_P1",30,2.96071105713492,39.6169211239669,3755421852.83514,3755.42185283514,"success"
"91","A15_P1",31,4.06683694287861,39.9668651417516,709565350.606949,709.565350606949,"success"
"91","A15_P1",32,23.7955979242891,38.5588389577913,3675135273.23413,3675.13527323413,"success"
"91","A15_P1",33,24.839952411956,35.2379723597705,8408556856.7227,8408.5568567227,"success"
"92","A150_P1",1,-11.946479162958,47.4994499546245,1896329322672.46,1896329.32267246,"success"
"93","A151_P1",1,137.71349376986,34.6535633252108,9176958197.41718,9176.95819741719,"success"
"93","A151_P1",2,133.396915992154,33.284111497188,3591992902.73941,3591.99290273941,"success"
"93","A151_P1",3,130.72228475522,32.1104196742072,8575556393.63984,8575.55639363984,"success"
"93","A151_P1",4,129.140291381874,32.9578576633465,334247235.88501,334.24723588501,"success"
"93","A151_P1",5,129.642723151238,33.7714405373736,191499722.540465,191.499722540465,"success"
"93","A151_P1",6,129.405247729229,34.3480900220268,505667036.42752,505.66703642752,"success"
"94","A152_P1",1,17.3286922351618,-32.0009240916251,104383869947.883,104383.869947883,"success"
"95","A152_P2",1,13.4593641303075,-23.4966032233199,205707597470.855,205707.597470855,"success"
"96","A152_P3",1,12.3665357357492,-9.99894009869448,145823613012.941,145823.613012941,"success"
"97","A153_P1",1,19.6700900947275,48.8517456754721,37396792249.5549,37396.7922495549,"success"
"98","A154_P1",1,57.3171687549018,23.2070478254168,40402894.6231727,40.4028946231727,"success"
"99","A155_P1",1,26.1970769514045,64.2644104917052,331702507067.094,331702.507067094,"success"
"100","A155_P2",1,20.0665983130275,41.1359332302065,28717535240.9475,28717.5352409475,"success"
"100","A155_P2",2,1.58729448570102,42.5414876627427,469549524.990857,469.549524990857,"success"
"100","A155_P2",3,14.1303672214486,47.597605394903,83954918064.1967,83954.9180641967,"success"
"100","A155_P2",4,4.66613509956636,50.6406135572284,30611595086.3224,30611.5950863224,"success"
"100","A155_P2",5,17.7930602588371,44.1650488430661,51380546615.9782,51380.5466159782,"success"
"100","A155_P2",6,25.2324977688315,42.7666478839029,110959798356.469,110959.798356469,"success"
"100","A155_P2",7,28.0288036102881,53.526648874608,206665880206.581,206665.880206581,"success"
"100","A155_P2",8,16.4189394952517,45.1075993208738,53749915493.99,53749.91549399,"success"
"100","A155_P2",9,15.3437944639721,49.7435071300102,78423860850.6266,78423.8608506266,"success"
"100","A155_P2",10,10.0513570146041,55.9604272446194,41719247064.5471,41719.2470645471,"success"
"100","A155_P2",11,25.5495381376054,58.6733206225766,45125201268.7097,45125.2012687097,"success"
"100","A155_P2",12,-6.91201406635789,62.1691761052009,684392927.172335,684.392927172335,"success"
"100","A155_P2",13,26.1970769514045,64.2644104917052,331702507067.094,331702.507067094,"success"
"100","A155_P2",14,2.57939168886676,46.512286452397,546632315373.096,546632.315373096,"success"
"100","A155_P2",15,10.3748410269887,51.0445154193236,355272510631.047,355272.510631047,"success"
"100","A155_P2",16,22.9112083676319,39.0957326933652,126253679943.409,126253.679943409,"success"
"100","A155_P2",17,19.3965249011346,47.1703368648384,92623772826.6588,92623.7728266588,"success"
"100","A155_P2",18,-18.5893364427893,64.9945568507863,101577231896.147,101577.231896147,"success"
"100","A155_P2",19,-7.90821906158702,53.4052525107125,83088529222.2217,83088.5292222217,"success"
"100","A155_P2",20,-4.53956641245949,54.2214753138466,574407906.179389,574.407906179389,"success"
"100","A155_P2",21,12.2119502142905,42.7103637435126,300625886436.18,300625.88643618,"success"
"100","A155_P2",22,-8.41559553303017,71.0181593673425,431917476.02874,431.91747602874,"success"
"100","A155_P2",23,24.9309810662587,56.8675691399574,64381451150.0779,64381.4511500779,"success"
"100","A155_P2",24,9.55449139288218,47.1387424283878,173879370.803996,173.879370803996,"success"
"100","A155_P2",25,23.4756805770408,55.2281427655881,78415723523.5432,78415.7235235432,"success"
"100","A155_P2",26,6.09376867530802,49.7754709651145,2635621982.56379,2635.62198256379,"success"
"100","A155_P2",27,21.7031031982133,41.6005377368657,25327867043.3348,25327.8670433348,"success"
"100","A155_P2",28,28.4733271418251,47.1898179770371,33505594918.3134,33505.5949183134,"success"
"100","A155_P2",29,7.41159357762664,43.7508672489821,11654337.7749059,11.6543377749059,"success"
"100","A155_P2",30,5.58466581786426,52.250627468179,36688465689.0524,36688.4656890524,"success"
"100","A155_P2",31,12.3402988810299,63.9379098409512,309109209220.181,309109.209220181,"success"
"100","A155_P2",32,19.4310203286229,52.1092308045871,310799292765.615,310799.292765615,"success"
"100","A155_P2",33,-8.39773816718529,39.610436199556,91377978338.2016,91377.9783382016,"success"
"100","A155_P2",34,24.9795173901581,45.8407597496138,236638111761.021,236638.111761021,"success"
"100","A155_P2",35,12.4603567593038,43.942174026434,63367275.0557177,63.3672750557177,"success"
"100","A155_P2",36,19.4760878792609,48.7120846406839,48600827916.3382,48600.8279163382,"success"
"100","A155_P2",37,14.8222851333078,46.121323191286,20084602269.563,20084.602269563,"success"
"100","A155_P2",38,-3.68249040866433,40.2051864504736,504731640839.414,504731.640839414,"success"
"100","A155_P2",39,18.3914909485049,78.8066261586474,60603185857.99,60603.18585799,"success"
"100","A155_P2",40,16.2574239924744,62.3973553576106,442381644985.555,442381.644985555,"success"
"100","A155_P2",41,8.22171060040943,46.8037625593284,41217537392.1379,41217.5373921379,"success"
"100","A155_P2",42,31.4789674241402,49.0281853828596,598252067067.03,598252.06706703,"success"
"100","A155_P2",43,-2.52673541935828,53.9574327888739,226481690036.778,226481.690036778,"success"
"100","A155_P2",44,20.6087715371339,43.8517790652588,101818202980.792,101818.202980792,"success"
"101","A156_P1",1,2.46723792925696,46.5786929544103,538047721464.669,538047.721464669,"success"
"102","A157_P1",1,-89.9938901176249,44.6248350052939,145054546217.206,145054.546217206,"success"
"103","A158_P1",1,8.28342302846266,46.7933953781597,14038458133.3243,14038.4581333243,"success"
"104","A158_P2",1,9.6698311470173,46.6506914477388,5511589325.93311,5511.58932593311,"success"
"105","A158_P3",1,7.63953418509106,46.1383476732812,3309658781.83853,3309.65878183853,"success"
"106","A158_P4",1,8.93577483298163,46.2957593121422,3297423679.95807,3297.42367995807,"success"
"107","A159_P1",1,-107.000017188399,38.9583182359552,39922066.9831762,39.9220669831762,"success"
"108","A159_P2",1,-107.000017188399,38.9583182359552,39922066.9831762,39.9220669831762,"success"
"109","A16_P1",1,8.09349713544268,45.7130157239521,105148778.436879,105.148778436879,"success"
"110","A160_P1",1,174.553925893754,56.2157826973045,877954312057.626,877954.312057626,"success"
"110","A160_P1",2,-169.718758704654,58.4076730272517,1683019114158.82,1683019.11415882,"success"
"111","A161_P1",1,175.796566143803,52.3484637761981,382031849711.162,382031.849711163,"success"
"111","A161_P1",2,-170.129197885273,56.4437475566207,1625127462468.42,1625127.46246842,"success"
"112","A162_P1",1,-100.016094397021,40.0642078919446,1887904650804.75,1887904.65080475,"success"
"113","A163_P1",1,-13.8646953514286,54.7893052221503,5452969205967.99,5452969.20596799,"success"
"114","A164_P1",1,-117.014458966282,31.77954349244,171509106.342501,171.509106342501,"success"
"115","A165_P1",1,-75.2734875632954,38.4419271928361,313465360.864142,313.465360864142,"success"
"116","A166_P1",1,30.5836157684421,74.2058364213287,2846171584073.66,2846171.58407366,"success"
"117","A167_P1",1,-86.5077325249006,36.9970728836564,1606306131059.48,1606306.13105948,"success"
"118","A168_P1",1,-115.743163613435,39.349139599087,1496332404450.3,1496332.4044503,"success"
"119","A169_P1",1,147.584618937533,-42.7456926935159,45516004.1423268,45.5160041423268,"success"
"120","A17_P1",1,-75.504242173394,42.9349011652132,126159949677.758,126159.949677758,"success"
"121","A170_P1",1,-150.061682566444,63.5950213416473,105070548.693085,105.070548693085,"success"
"122","A171_P1",1,9.9430894227093,46.4061491764018,130958.935397112,0.130958935397112,"success"
"123","A172_P1",1,7.39965457664207,60.5322591984931,253956908.612952,253.956908612952,"success"
"124","A173_P1",1,-3.90979291934527,40.7802219651699,2697312458.56054,2697.31245856054,"success"
"125","A174_P1",1,-120.259871384019,39.1920947277766,87727196209.4013,87727.1962094013,"success"
"126","A175_P1",1,-7.80282062789201,46.2179096459192,201557121424.047,201557.121424047,"success"
"127","A175_P2",1,-7.80282062789201,46.2179096459192,201557121424.047,201557.121424047,"success"
"128","A176_P1",1,-8.7297037739903,36.5688615288225,201359954.092687,201.359954092687,"success"
"129","A177_P1",1,13.0768734662966,63.4407822254391,50410282.5092869,50.4102825092869,"success"
"130","A178_P1",1,9.99107388637293,46.443204719212,115319714.275014,115.319714275014,"success"
"131","A179_P1",1,-119.645482401167,37.8147577374013,4531017804.30449,4531.0178043045,"success"
"132","A18_P1",1,26.1638140261591,64.2380588690312,334150633176.551,334150.633176551,"success"
"132","A18_P1",2,19.9974620793346,60.2093958453608,1285693744.72453,1285.69374472453,"success"
"133","A180_P1",1,-89.1151771794981,41.0000285963793,6576945625355.44,6576945.62535544,"success"
"134","A181_P1",1,-2.52673541935828,53.9574327888739,226481690036.778,226481.690036778,"success"
"135","A182_P1",1,-8.79117824784258,41.0452309646876,66546776.0765548,66.5467760765548,"success"
"136","A183_P1",1,-82.0749428029143,28.1800518936706,83789423360.7448,83789.4233607448,"success"
"137","A184_P1",1,2.38930955478436,41.773788278838,324369189.771071,324.369189771071,"success"
"138","A185_P1",1,-2.52673541935828,53.9574327888739,226481690036.778,226481.690036778,"success"
"139","A186_P1",1,18.8547304263592,68.3707884931807,728485150.113699,728.485150113699,"success"
"140","A187_P1",1,-2.52673541935828,53.9574327888739,226481690036.778,226481.690036778,"success"
"141","A187_P2",1,-2.52673541935828,53.9574327888739,226481690036.778,226481.690036778,"success"
"142","A188_P1",1,1.97983197114624,41.3970008860861,19961386.5802542,19.9613865802542,"success"
"143","A189_P1",1,-118.196254856299,37.5379989985715,162383247.366025,162.383247366025,"success"
"144","A19_P1",1,-1.89043450843582,51.8518913909573,106455509957.946,106455.509957946,"success"
"145","A19_P2",1,-3.09970091137254,55.6558402097602,121081700246.737,121081.700246737,"success"
"146","A19_P3",1,-3.77171706093961,52.3372355858482,21203884213.5814,21203.8842135814,"success"
"147","A19_P4",1,-4.15968858314471,56.6639767378137,75246122646.8163,75246.1226468163,"success"
"148","A190_P1",1,20.0197446545437,49.4856333511282,2651304823.97316,2651.30482397316,"success"
"149","A191_P1",1,-66.0034856494407,48.9852160488004,498912.000244828,0.498912000244828,"success"
"150","A192_P1",1,-78.8232815725548,-1.46664937758737,100320377.914246,100.320377914246,"success"
"151","A193_P1",1,66.1345197961899,67.0915120263232,2244826152.27245,2244.82615227245,"success"
"152","A194_P1",1,-121.128290644084,32.7625440724347,202737243274.158,202737.243274158,"success"
"153","A195_P1",1,-71.4749703125594,44.2084312084345,4320675652.2247,4320.6756522247,"success"
"154","A196_P1",1,-68.0891023044468,43.1298498237996,110767530862.918,110767.530862918,"success"
"155","A196_P2",1,-68.0891023044468,43.1298498237996,110767530862.918,110767.530862918,"success"
"156","A196_P3",1,-72.117642563865,39.4935044380921,207415877883.745,207415.877883745,"success"
"157","A196_P4",1,-72.117642563865,39.4935044380921,207415877883.745,207415.877883745,"success"
"158","A197_P1",1,2.60480991194546,56.124304056636,426292320183.526,426292.320183526,"success"
"159","A198_P1",1,12.3402988810299,63.9379098409512,309109209220.181,309109.209220181,"success"
"160","A199_P1",1,3.05737037861714,56.87688695,NA,NA,"area_failed"
"161","A2_P1",1,-85.7355735569418,50.350050171032,983055046049.841,983055.046049841,"success"
"162","A20_P1",1,-1.91619343503823,54.3089653,NA,NA,"area_failed"
"162","A20_P1",2,-4.54817833062864,54.2234599297386,586336038.757315,586.336038757315,"success"
"162","A20_P1",3,-5.2402952646554,55.5750849098496,421787234.110378,421.787234110378,"success"
"162","A20_P1",4,-5.09616922778356,55.8302498555992,121243246.733096,121.243246733096,"success"
"162","A20_P1",5,-5.91130590928973,55.9652810689564,370343718.614818,370.343718614817,"success"
"162","A20_P1",6,-6.2497812452269,55.766537577258,623851080.828302,623.851080828302,"success"
"162","A20_P1",7,-1.25031182301294,60.3957217054297,1611532001.88129,1611.53200188129,"success"
"162","A20_P1",8,-6.02872235482594,56.4489479856068,925019964.723472,925.019964723472,"success"
"162","A20_P1",9,-6.87994038981514,57.9044754486622,3230444481.29034,3230.44448129034,"success"
"162","A20_P1",10,-6.23771309074596,57.3641413186138,1789315480.80864,1789.31548080864,"success"
"162","A20_P1",11,-2.99822452548069,59.0485173299616,1602307194.92075,1602.30719492075,"success"
"163","A200_P1",1,127.905774494561,47.786136796769,450811627830.389,450811.627830389,"success"
"164","A201_P1",1,-7.47735253005213,48.2418126460035,442218586440.495,442218.586440495,"success"
"165","A202_P1",1,145.263193834709,-54.7647617716662,4492037290345.01,4492037.29034501,"success"
"166","A203_P1",1,-117.592072162208,32.3763692001597,163633500.705663,163.633500705663,"success"
"167","A204_P1",1,5.58466581786426,52.250627468179,36688465689.0524,36688.4656890524,"success"
"168","A205_P1",1,-152.807192663778,67.2933617470598,728682318991.35,728682.31899135,"success"
"169","A206_P1",1,127.976575367793,42.0368748140434,1928372231.67608,1928.37223167608,"success"
"170","A207_P1",1,-121.530659771658,45.4430402099822,105333995348.297,105333.995348297,"success"
"171","A208_P1",1,-3.91103173825048,40.6954203667851,3469427997.77859,3469.42799777859,"success"
"172","A209_P1",1,22.4992627717212,2.40295515,NA,NA,"area_failed"
"173","A209_P2",1,24.1161081614425,-20.7546089706807,5175389998200.85,5175389.99820085,"success"
"174","A21_P1",1,9.91765561385386,46.6220920111459,853481649.761145,853.481649761145,"success"
"175","A210_P1",1,134.48996175128,34.3829548316762,166710207190.755,166710.207190755,"success"
"176","A211_P1",1,134.48996175128,34.3829548316762,166710207190.755,166710.207190755,"success"
"177","A212_P1",1,25.2704601626365,-28.9911485688864,1253406089683.2,1253406.0896832,"success"
"178","A212_P2",1,25.2704601626365,-28.9911485688864,1253406089683.2,1253406.0896832,"success"
"179","A213_P1",1,135.629426022669,37.3719022046448,138558208988.87,138558.20898887,"success"
"180","A214_P1",1,-98.0104271352537,41.2035105963894,9188441366106.58,9188441.36610658,"success"
"181","A215_P1",1,6.68602927962296,45.9052755281247,375438640323.085,375438.640323085,"success"
"182","A216_P1",1,-69.967419925078,41.3597003083242,276691664893.15,276691.66489315,"success"
"183","A217_P1",1,-78.5793925244287,-0.180505090885446,140517666.25091,140.51766625091,"success"
"184","A218_P1",1,20.8379342695795,62.4434422824236,1550491309297.7,1550491.3092977,"success"
"185","A219_P1",1,23.4787951647215,59.68773115,NA,NA,"area_failed"
"186","A22_P1",1,88.5471251192297,27.8924759532555,2083819556.09376,2083.81955609376,"success"
"187","A220_P1",1,-98.7975103001846,39.8938353621607,7930452057025.35,7930452.05702535,"success"
"188","A221_P1",1,-81.2791585589468,38.2391577925967,1887847787835.15,1887847.78783515,"success"
"189","A221_P2",1,-97.1654047642821,38.4342645657637,3369617600603.43,3369617.60060343,"success"
"190","A221_P3",1,-114.266775194338,40.7498325596496,2635099049271.49,2635099.04927149,"success"
"191","A222_P1",1,-75.0417654404296,37.2816629982403,21957078836.9857,21957.0788369857,"success"
"192","A223_P1",1,-165.931591617688,57.47516775,NA,NA,"area_failed"
"193","A224_P1",1,-155.513797602929,19.5626281578401,8398463.53673846,8.39846353673846,"success"
"194","A225_P1",1,77.3582821760738,33.7768403391876,51117026717.1903,51117.0267171903,"success"
"195","A226_P1",1,-123.002650763306,39.9172891008632,64451735224.0136,64451.7352240136,"success"
"196","A227_P1",1,-89.9938901176249,44.6248350052939,145054546217.206,145054.546217206,"success"
"197","A228_P1",1,74.7426669038361,34.0790765362618,24416081420.9543,24416.0814209543,"success"
"198","A229_P1",1,16.2613309400674,62.4238117275306,443343669709.488,443343.669709488,"success"
"199","A23_P1",1,0.746330778259084,42.6743593733619,6415721060.66139,6415.72106066139,"success"
"199","A23_P1",2,2.05219908005192,42.3716962907624,698536607.144705,698.536607144705,"success"
"200","A230_P1",1,-96.3811913812921,17.663442687753,571620786.674807,571.620786674807,"success"
"201","A231_P1",1,-99.1220386071232,39.9071648912351,7936718179123.13,7936718.17912313,"success"
"202","A232_P1",1,-7.95030297961242,54.9847501274174,3193815654599.39,3193815.65459939,"success"
"203","A232_P2",1,-7.95030297961242,54.9847501274174,3193815654599.39,3193815.65459939,"success"
"204","A233_P1",1,9.61693062326694,46.6710089224784,7439989266.59715,7439.98926659715,"success"
"205","A234_P1",1,-71.1817833119504,49.6125565701915,778125045048.5,778125.0450485,"success"
"206","A235_P1",1,-99.156337743863,42.4165594411016,10075703984214.9,10075703.9842149,"success"
"207","A236_P1",1,103.084124262014,31.0193680386971,3534697091.70296,3534.69709170296,"success"
"208","A237_P1",1,10.5106383231257,46.4032359315664,162461488931.295,162461.488931295,"success"
"209","A237_P2",1,10.5106383231257,46.4032359315664,162461488931.295,162461.488931295,"success"
"210","A238_P1",1,-120.363295610739,39.0427050661012,31505282175.2056,31505.2821752056,"success"
"211","A239_P1",1,-71.2829297749181,44.2311254307171,1053630973.84401,1053.63097384401,"success"
"212","A24_P1",1,135.906333251447,34.3071027128295,16283935798.6787,16283.9357986787,"success"
"213","A240_P1",1,-0.96816479436187,42.8513877965665,1666480662.27472,1666.48066227472,"success"
"214","A241_P1",1,-165.931591617688,57.47516775,NA,NA,"area_failed"
"215","A242_P1",1,-79.7727431087582,-3.63296450015374,1013549745.06428,1013.54974506428,"success"
"216","A243_P1",1,10.8654887024469,45.7177148945623,435969767.339459,435.969767339459,"success"
"217","A244_P1",1,-65.7765786484114,18.2892184400201,175281180.749946,175.281180749946,"success"
"218","A245_P1",1,-65.7765786484114,18.2892184400201,175281180.749946,175.281180749946,"success"
"219","A246_P1",1,11.4383320239718,46.972993117851,67590269224.4241,67590.2692244241,"success"
"220","A247_P1",1,26.1638140261591,64.2380588690312,334150633176.551,334150.633176551,"success"
"220","A247_P1",2,19.9974620793346,60.2093958453608,1285693744.72453,1285.69374472453,"success"
"221","A248_P1",1,33.9350771818473,28.5324225164118,407130842.757929,407.130842757929,"success"
"222","A249_P1",1,-73.8765582840196,44.3785630952955,39078132.478112,39.078132478112,"success"
"223","A25_P1",1,-5.99343528472341,43.2955580347136,10664913701.5207,10664.9137015207,"success"
"224","A250_P1",1,85.4833662964686,28.1140248835488,714008648.53074,714.00864853074,"success"
"225","A251_P1",1,-155.274380829122,19.4237808805608,970759068.842693,970.759068842693,"success"
"226","A252_P1",1,19.9371276786789,49.2314482843399,137685659.868482,137.685659868482,"success"
"227","A253_P1",1,30.5836157684421,74.2058364213287,2846171584073.66,2846171.58407366,"success"
"228","A254_P1",1,-7.23877968115171,62.4241479969607,5781540712.41546,5781.54071241546,"success"
"229","A254_P2",1,-7.70276066544413,61.7648037600455,6212680694.68614,6212.68069468614,"success"
"230","A255_P1",1,125.465973668761,47.3864167915015,946479668149.275,946479.668149275,"success"
"231","A256_P1",1,122.13213466214,50.048141683345,242843866787.278,242843.866787278,"success"
"232","A256_P2",1,127.664676463872,48.8315321665392,181872365226.867,181872.365226867,"success"
"233","A256_P3",1,129.341263550565,44.4725134501992,249201889704.598,249201.889704598,"success"
"234","A257_P1",1,-76.833553479773,35.3867632525262,179366700316.575,179366.700316575,"success"
"235","A26_P1",1,-110.746320834449,32.4329930451462,1130804801.84505,1130.80480184505,"success"
"236","A27_P1",1,-74.5002634888026,-9.99038567805933,120534648.538431,120.534648538431,"success"
"237","A28_P1",1,-1.91619343503823,54.3089653,NA,NA,"area_failed"
"237","A28_P1",2,-4.54817833062864,54.2234599297386,586336038.757315,586.336038757315,"success"
"237","A28_P1",3,-5.2402952646554,55.5750849098496,421787234.110378,421.787234110378,"success"
"237","A28_P1",4,-5.09616922778356,55.8302498555992,121243246.733096,121.243246733096,"success"
"237","A28_P1",5,-5.91130590928973,55.9652810689564,370343718.614818,370.343718614817,"success"
"237","A28_P1",6,-6.2497812452269,55.766537577258,623851080.828302,623.851080828302,"success"
"237","A28_P1",7,-1.25031182301294,60.3957217054297,1611532001.88129,1611.53200188129,"success"
"237","A28_P1",8,-6.69562505255722,54.6081774133918,14065113400.5923,14065.1134005923,"success"
"237","A28_P1",9,-6.02872235482594,56.4489479856068,925019964.723472,925.019964723472,"success"
"237","A28_P1",10,-6.87994038981514,57.9044754486622,3230444481.29034,3230.44448129034,"success"
"237","A28_P1",11,-6.23771309074596,57.3641413186138,1789315480.80864,1789.31548080864,"success"
"237","A28_P1",12,-2.99822452548069,59.0485173299616,1602307194.92075,1602.30719492075,"success"
"238","A29_P1",1,-3.45699477021602,55.80657835,NA,NA,"area_failed"
"238","A29_P1",2,-5.2402952646554,55.5750849098496,421787234.110378,421.787234110378,"success"
"238","A29_P1",3,-5.09616922778356,55.8302498555992,121243246.733096,121.243246733096,"success"
"238","A29_P1",4,-5.91130590928973,55.9652810689564,370343718.614818,370.343718614817,"success"
"238","A29_P1",5,-6.2497812452269,55.766537577258,623851080.828302,623.851080828302,"success"
"238","A29_P1",6,-1.25031182301294,60.3957217054297,1611532001.88129,1611.53200188129,"success"
"238","A29_P1",7,-6.02872235482594,56.4489479856068,925019964.723472,925.019964723472,"success"
"238","A29_P1",8,-6.87994038981514,57.9044754486622,3230444481.29034,3230.44448129034,"success"
"238","A29_P1",9,-6.23771309074596,57.3641413186138,1789315480.80864,1789.31548080864,"success"
"238","A29_P1",10,-2.99822452548069,59.0485173299616,1602307194.92075,1602.30719492075,"success"
"239","A3_P1",1,-155.518662324436,19.597695476947,10456485280.4806,10456.4852804806,"success"
"240","A30_P1",1,-89.9258168005312,39.65947625,NA,NA,"area_failed"
"241","A31_P1",1,7.95751597708774,60.6973539599671,12155947.9767598,12.1559479767598,"success"
"242","A32_P1",1,-1.91619343503823,54.3089653,NA,NA,"area_failed"
"242","A32_P1",2,-4.54817833062864,54.2234599297386,586336038.757315,586.336038757315,"success"
"242","A32_P1",3,-5.2402952646554,55.5750849098496,421787234.110378,421.787234110378,"success"
"242","A32_P1",4,-5.09616922778356,55.8302498555992,121243246.733096,121.243246733096,"success"
"242","A32_P1",5,-5.91130590928973,55.9652810689564,370343718.614818,370.343718614817,"success"
"242","A32_P1",6,-6.2497812452269,55.766537577258,623851080.828302,623.851080828302,"success"
"242","A32_P1",7,-1.25031182301294,60.3957217054297,1611532001.88129,1611.53200188129,"success"
"242","A32_P1",8,-6.02872235482594,56.4489479856068,925019964.723472,925.019964723472,"success"
"242","A32_P1",9,-6.87994038981514,57.9044754486622,3230444481.29034,3230.44448129034,"success"
"242","A32_P1",10,-6.23771309074596,57.3641413186138,1789315480.80864,1789.31548080864,"success"
"242","A32_P1",11,-2.99822452548069,59.0485173299616,1602307194.92075,1602.30719492075,"success"
"243","A33_P1",1,-108.817628713989,41.3773864741261,5284105625445.62,5284105.62544562,"success"
"244","A34_P1",1,13.4622541074625,48.9196410770558,59659255.6939924,59.6592556939924,"success"
"245","A35_P1",1,10.4365179682953,46.5302964450555,29707493.2616308,29.7074932616308,"success"
"246","A36_P1",1,134.299906869827,-25.7708087109401,7700291602336.22,7700291.60233622,"success"
"247","A37_P1",1,145.021774361197,-6.20744071570753,4941979736.1713,4941.9797361713,"success"
"248","A37_P2",1,145.972264821903,-4.64243407710002,432672708.303234,432.672708303234,"success"
"249","A38_P1",1,-3.93104817547673,40.8611577567138,938488894.691822,938.488894691822,"success"
"250","A39_P1",1,127.796646214365,36.2825232896568,104849154411.553,104849.154411553,"success"
"251","A4_P1",1,-1.91619343503823,54.3089653,NA,NA,"area_failed"
"251","A4_P1",2,-4.54817833062864,54.2234599297386,586336038.757315,586.336038757315,"success"
"251","A4_P1",3,-5.2402952646554,55.5750849098496,421787234.110378,421.787234110378,"success"
"251","A4_P1",4,-5.09616922778356,55.8302498555992,121243246.733096,121.243246733096,"success"
"251","A4_P1",5,-5.91130590928973,55.9652810689564,370343718.614818,370.343718614817,"success"
"251","A4_P1",6,-6.2497812452269,55.766537577258,623851080.828302,623.851080828302,"success"
"251","A4_P1",7,-1.25031182301294,60.3957217054297,1611532001.88129,1611.53200188129,"success"
"251","A4_P1",8,-7.92569325329116,53.4089143468173,83873718158.432,83873.718158432,"success"
"251","A4_P1",9,-6.02872235482594,56.4489479856068,925019964.723472,925.019964723472,"success"
"251","A4_P1",10,-6.87994038981514,57.9044754486622,3230444481.29034,3230.44448129034,"success"
"251","A4_P1",11,-6.23771309074596,57.3641413186138,1789315480.80864,1789.31548080864,"success"
"251","A4_P1",12,-2.99822452548069,59.0485173299616,1602307194.92075,1602.30719492075,"success"
"252","A40_P1",1,-84.9716179731236,38.5266549891321,3099299739055.44,3099299.73905544,"success"
"253","A41_P1",1,6.89959073135112,48.2240074751442,7585774252.37581,7585.77425237581,"success"
"253","A41_P1",2,6.15326895572048,44.567994224368,47658876229.395,47658.876229395,"success"
"253","A41_P1",3,9.10549775805916,42.1499280504436,8709981932.31968,8709.98193231968,"success"
"253","A41_P1",4,6.07354761325427,46.766972442894,10983405551.3615,10983.4055513615,"success"
"253","A41_P1",5,1.03929057169392,42.8757600259623,15275609277.9137,15275.6092779137,"success"
"253","A41_P1",6,2.94561255770741,45.3265878957679,78138360220.0845,78138.3602200845,"success"
"254","A42_P1",1,-116.748138698438,33.7669949061134,1320405577.40499,1320.40557740499,"success"
"255","A43_P1",1,143.322734168074,43.4841653,NA,NA,"area_failed"
"256","A44_P1",1,-8.85033174062761,38.4900092291042,16204350957.8177,16204.3509578177,"success"
"257","A45_P1",1,-80.5159795137883,26.0649662149179,7469852746.68837,7469.85274668837,"success"
"258","A46_P1",1,-71.857839565349,-30.1677171666798,154091676189.498,154091.676189498,"success"
"259","A47_P1",1,3.45028175371696,56.7583461177121,516445027298.593,516445.027298593,"success"
"260","A48_P1",1,-6.31913884874102,57.3620816,NA,NA,"area_failed"
"260","A48_P1",2,-5.81427285273232,54.7370741974843,2392982187.56909,2392.98218756909,"success"
"260","A48_P1",3,-4.52818747024902,54.2441644080565,1635793614.14015,1635.79361414015,"success"
"260","A48_P1",4,-6.97901004814534,57.7409849377363,4809568193.78293,4809.56819378293,"success"
"261","A49_P1",1,-119.865117915183,37.6842369268009,6331635526.3252,6331.6355263252,"success"
"262","A5_P1",1,8.22264031456561,46.7990931868926,41062073569.4803,41062.0735694803,"success"
"263","A50_P1",1,2.72356909167042,56.32421205,NA,NA,"area_failed"
"264","A51_P1",1,116.562597525388,6.07545110407533,227180371.002994,227.180371002994,"success"
"265","A52_P1",1,152.676522446236,-29.485636985768,7492352870.12138,7492.35287012138,"success"
"266","A53_P1",1,-68.6214859366286,42.9010462897093,80900143846.4887,80900.1438464887,"success"
"267","A53_P2",1,-71.7921790598274,39.7110404572159,175421351720.386,175421.351720386,"success"
"268","A54_P1",1,-167.944008403291,58.3132142070345,556842403818.461,556842.403818461,"success"
"269","A55_P1",1,-121.436236160103,40.3214271211215,28141986907.8872,28141.9869078872,"success"
"270","A55_P2",1,-119.985100406759,37.8742669596622,15686912438.7136,15686.9124387136,"success"
"271","A55_P3",1,-118.881639083645,36.3020670794013,45589576606.4471,45589.5766064471,"success"
"272","A56_P1",1,-4.18622924795361,57.6744193874812,94445112.161985,94.445112161985,"success"
"272","A56_P1",2,-4.16210111528255,57.5523770113817,119015695.102792,119.015695102792,"success"
"272","A56_P1",3,-3.02720853696229,56.4287985634389,102207054.648856,102.207054648856,"success"
"272","A56_P1",4,-3.40684532794219,56.0255363451396,188426611.795367,188.426611795367,"success"
"272","A56_P1",5,-1.43519370943126,55.0051797843752,4040373.03196194,4.04037303196194,"success"
"272","A56_P1",6,-1.16240992517225,54.6215416433119,16089718.6675501,16.0897186675501,"success"
"272","A56_P1",7,-1.37114969812702,54.9124487205936,820351.666255143,0.820351666255143,"success"
"272","A56_P1",8,0.802789995682707,51.7325806754749,37589019.5542551,37.5890195542551,"success"
"272","A56_P1",9,0.890379803434436,51.6236858343907,9068803.81961779,9.06880381961779,"success"
"272","A56_P1",10,1.57789025543929,50.2299105663928,41148775.0847158,41.1487750847158,"success"
"272","A56_P1",11,0.205873838360353,49.4369489459176,77696526.3922058,77.6965263922058,"success"
"272","A56_P1",12,1.57707156305916,50.3786318720002,6942737.6520483,6.9427376520483,"success"
"272","A56_P1",13,1.59388329928219,50.5463124697313,5720032.65318055,5.72003265318055,"success"
"272","A56_P1",14,-0.232481304700201,49.2788091751031,4311305.90795235,4.31130590795235,"success"
"272","A56_P1",15,0.614792022272614,51.4964050236455,121047640.14537,121.04764014537,"success"
"272","A56_P1",16,-3.06614712082745,48.8444810815448,20400144.9287186,20.4001449287186,"success"
"272","A56_P1",17,-3.8754439295846,48.653904145343,12834840.4657358,12.8348404657358,"success"
"272","A56_P1",18,-4.53537791029032,48.0160905271459,757142.191911799,0.757142191911799,"success"
"272","A56_P1",19,-2.11676165754011,47.2885352867448,49625155.4272995,49.6251554272995,"success"
"272","A56_P1",20,0.65119931680044,51.4129108118128,52552888.4596399,52.5528884596399,"success"
"272","A56_P1",21,-1.15239493684069,45.8042543415466,31718384.8592718,31.7183848592718,"success"
"272","A56_P1",22,-0.884151113259665,45.4127162843515,563663147.840786,563.663147840786,"success"
"272","A56_P1",23,-1.51314092755835,43.5278419933246,539850.514415166,0.539850514415166,"success"
"272","A56_P1",24,-2.4674750579583,47.4998223988194,10093476.357358,10.093476357358,"success"
"272","A56_P1",25,-1.1448734418023,49.3751958863667,35904920.18216,35.90492018216,"success"
"272","A56_P1",26,-1.07687720462419,45.9624165882715,12238072.7203346,12.2380727203346,"success"
"272","A56_P1",27,-2.6868806112424,43.391943708668,4274292.69934628,4.27429269934628,"success"
"272","A56_P1",28,-2.95537725693025,43.416522058455,1389632.2426337,1.3896322426337,"success"
"272","A56_P1",29,-3.04306703326524,43.3526590896241,15699584.8273372,15.6995848273372,"success"
"272","A56_P1",30,-2.35236886186308,43.2997190914426,660735.456663084,0.660735456663084,"success"
"272","A56_P1",31,-1.67242614185573,43.3934084257249,2014230.83161322,2.01423083161322,"success"
"272","A56_P1",32,-2.13139216544,43.2901937638824,843547.487899033,0.843547487899033,"success"
"272","A56_P1",33,-8.66100097383859,41.14287171507,2551333.13753637,2.55133313753637,"success"
"272","A56_P1",34,-1.51458021879694,48.6740216527538,93801775.0942471,93.8017750942471,"success"
"272","A56_P1",35,-9.02795133156215,38.7940741451183,365021430.738166,365.021430738166,"success"
"272","A56_P1",36,-8.79498492343823,38.4702308824471,100389512.657518,100.389512657518,"success"
"272","A56_P1",37,-8.7829185547869,37.7196798203152,1158997.83240178,1.15899783240178,"success"
"272","A56_P1",38,-7.40597713045647,37.1947146028144,5690762.82662617,5.69076282662617,"success"
"272","A56_P1",39,-2.58617322564871,51.6572877993725,91957301.8528772,91.9573018528773,"success"
"272","A56_P1",40,-2.91420145313499,53.3473602410112,72850206.2009197,72.8502062009197,"success"
"272","A56_P1",41,-2.98642707667329,53.7130808715509,46860381.7328947,46.8603817328947,"success"
"272","A56_P1",42,-7.08883827839555,55.1181686358034,191500010.397453,191.500010397453,"success"
"272","A56_P1",43,-7.55464378092491,55.1411741765685,153624456.692109,153.624456692109,"success"
"272","A56_P1",44,-8.36826522887728,54.8471288293587,8184744.16600204,8.18474416600204,"success"
"272","A56_P1",45,-9.84478694258198,54.2883028495624,7422352.76005915,7.42235276005915,"success"
"272","A56_P1",46,-9.65495331415806,53.8449118845126,104159290.475099,104.159290475099,"success"
"272","A56_P1",47,-8.50224487121534,51.6897659329124,2777678.30201665,2.77767830201665,"success"
"272","A56_P1",48,-6.94725623392569,52.1796953043085,54523427.2937758,54.5234272937758,"success"
"272","A56_P1",49,-6.15738919581039,54.056612764629,44238686.1629673,44.2386861629673,"success"
"272","A56_P1",50,-6.33166374653847,54.0053746193305,11235901.0077953,11.2359010077953,"success"
"273","A56_P2",1,-4.18622924795361,57.6744193874812,94445112.161985,94.445112161985,"success"
"273","A56_P2",2,-4.16210111528255,57.5523770113817,119015695.102792,119.015695102792,"success"
"273","A56_P2",3,-3.02720853696229,56.4287985634389,102207054.648856,102.207054648856,"success"
"273","A56_P2",4,-3.40684532794219,56.0255363451396,188426611.795367,188.426611795367,"success"
"273","A56_P2",5,-1.43519370943126,55.0051797843752,4040373.03196194,4.04037303196194,"success"
"273","A56_P2",6,-1.16240992517225,54.6215416433119,16089718.6675501,16.0897186675501,"success"
"273","A56_P2",7,-1.37114969812702,54.9124487205936,820351.666255143,0.820351666255143,"success"
"273","A56_P2",8,0.802789995682707,51.7325806754749,37589019.5542551,37.5890195542551,"success"
"273","A56_P2",9,0.890379803434436,51.6236858343907,9068803.81961779,9.06880381961779,"success"
"273","A56_P2",10,1.57789025543929,50.2299105663928,41148775.0847158,41.1487750847158,"success"
"273","A56_P2",11,0.205873838360353,49.4369489459176,77696526.3922058,77.6965263922058,"success"
"273","A56_P2",12,1.57707156305916,50.3786318720002,6942737.6520483,6.9427376520483,"success"
"273","A56_P2",13,1.59388329928219,50.5463124697313,5720032.65318055,5.72003265318055,"success"
"273","A56_P2",14,-0.232481304700201,49.2788091751031,4311305.90795235,4.31130590795235,"success"
"273","A56_P2",15,0.614792022272614,51.4964050236455,121047640.14537,121.04764014537,"success"
"273","A56_P2",16,-3.06614712082745,48.8444810815448,20400144.9287186,20.4001449287186,"success"
"273","A56_P2",17,-3.8754439295846,48.653904145343,12834840.4657358,12.8348404657358,"success"
"273","A56_P2",18,-4.53537791029032,48.0160905271459,757142.191911799,0.757142191911799,"success"
"273","A56_P2",19,-2.11676165754011,47.2885352867448,49625155.4272995,49.6251554272995,"success"
"273","A56_P2",20,0.65119931680044,51.4129108118128,52552888.4596399,52.5528884596399,"success"
"273","A56_P2",21,-1.15239493684069,45.8042543415466,31718384.8592718,31.7183848592718,"success"
"273","A56_P2",22,-0.884151113259665,45.4127162843515,563663147.840786,563.663147840786,"success"
"273","A56_P2",23,-1.51314092755835,43.5278419933246,539850.514415166,0.539850514415166,"success"
"273","A56_P2",24,-2.4674750579583,47.4998223988194,10093476.357358,10.093476357358,"success"
"273","A56_P2",25,-1.1448734418023,49.3751958863667,35904920.18216,35.90492018216,"success"
"273","A56_P2",26,-1.07687720462419,45.9624165882715,12238072.7203346,12.2380727203346,"success"
"273","A56_P2",27,-2.6868806112424,43.391943708668,4274292.69934628,4.27429269934628,"success"
"273","A56_P2",28,-2.95537725693025,43.416522058455,1389632.2426337,1.3896322426337,"success"
"273","A56_P2",29,-3.04306703326524,43.3526590896241,15699584.8273372,15.6995848273372,"success"
"273","A56_P2",30,-2.35236886186308,43.2997190914426,660735.456663084,0.660735456663084,"success"
"273","A56_P2",31,-1.67242614185573,43.3934084257249,2014230.83161322,2.01423083161322,"success"
"273","A56_P2",32,-2.13139216544,43.2901937638824,843547.487899033,0.843547487899033,"success"
"273","A56_P2",33,-8.66100097383859,41.14287171507,2551333.13753637,2.55133313753637,"success"
"273","A56_P2",34,-1.51458021879694,48.6740216527538,93801775.0942471,93.8017750942471,"success"
"273","A56_P2",35,-9.02795133156215,38.7940741451183,365021430.738166,365.021430738166,"success"
"273","A56_P2",36,-8.79498492343823,38.4702308824471,100389512.657518,100.389512657518,"success"
"273","A56_P2",37,-8.7829185547869,37.7196798203152,1158997.83240178,1.15899783240178,"success"
"273","A56_P2",38,-7.40597713045647,37.1947146028144,5690762.82662617,5.69076282662617,"success"
"273","A56_P2",39,-2.58617322564871,51.6572877993725,91957301.8528772,91.9573018528773,"success"
"273","A56_P2",40,-2.91420145313499,53.3473602410112,72850206.2009197,72.8502062009197,"success"
"273","A56_P2",41,-2.98642707667329,53.7130808715509,46860381.7328947,46.8603817328947,"success"
"273","A56_P2",42,-7.08883827839555,55.1181686358034,191500010.397453,191.500010397453,"success"
"273","A56_P2",43,-7.55464378092491,55.1411741765685,153624456.692109,153.624456692109,"success"
"273","A56_P2",44,-8.36826522887728,54.8471288293587,8184744.16600204,8.18474416600204,"success"
"273","A56_P2",45,-9.84478694258198,54.2883028495624,7422352.76005915,7.42235276005915,"success"
"273","A56_P2",46,-9.65495331415806,53.8449118845126,104159290.475099,104.159290475099,"success"
"273","A56_P2",47,-8.50224487121534,51.6897659329124,2777678.30201665,2.77767830201665,"success"
"273","A56_P2",48,-6.94725623392569,52.1796953043085,54523427.2937758,54.5234272937758,"success"
"273","A56_P2",49,-6.15738919581039,54.056612764629,44238686.1629673,44.2386861629673,"success"
"273","A56_P2",50,-6.33166374653847,54.0053746193305,11235901.0077953,11.2359010077953,"success"
"274","A57_P1",1,120.967739085308,23.7461802865719,36013326998.0708,36013.3269980708,"success"
"275","A58_P1",1,37.7478475721846,-46.9088032333817,289971717.663498,289.971717663498,"success"
"276","A59_P1",1,26.1970769514045,64.2644104917052,331702507067.094,331702.507067094,"success"
"277","A6_P1",1,8.98571548117786,41.8611538071683,4077267903.80335,4077.26790380335,"success"
"277","A6_P1",2,5.29421120228829,44.0884290650686,55762404528.1193,55762.4045281193,"success"
"278","A60_P1",1,6.57182033905142,44.0388428540538,1039109111.29116,1039.10911129116,"success"
"279","A60_P2",1,-3.4284093699946,37.1326511804931,29259028.1201854,29.2590281201854,"success"
"280","A61_P1",1,10.1734604633537,46.6576650987288,166353061.398347,166.353061398347,"success"
"280","A61_P1",2,10.1309340295359,46.7250555802631,3576450.00058066,3.57645000058066,"success"
"281","A62_P1",1,-118.670760851939,40.134209351575,133378140245.901,133378.140245901,"success"
"282","A63_P1",1,-112.438740008599,42.2730513262186,4011610796389.12,4011610.79638912,"success"
"283","A64_P1",1,0.932415975216165,42.3099346763567,31908915981.7244,31908.9159817244,"success"
"284","A64_P2",1,-1.7876622649474,40.9380018679898,61706733838.2298,61706.7338382298,"success"
"285","A65_P1",1,-83.5127573372391,35.5861193110794,29294872.9105437,29.2948729105437,"success"
"286","A66_P1",1,-0.96816479436187,42.8513877965665,1666480662.27472,1666.48066227472,"success"
"287","A67_P1",1,-73.2836512983467,68.3271853627866,505173536455.596,505173.536455596,"success"
"288","A68_P1",1,-121.128290644084,32.7625440724347,202737243274.158,202737.243274158,"success"
"289","A69_P1",1,23.6805873826935,68.3274469912131,246229446914.684,246229.446914684,"success"
"290","A7_P1",1,16.2613309400674,62.4238117275306,443343669709.488,443343.669709488,"success"
"291","A70_P1",1,117.171233498436,-26.325406398941,95798796616.2334,95798.7966162334,"success"
"292","A70_P2",1,150.679063472385,-27.535803502372,60311302211.97,60311.30221197,"success"
"293","A71_P1",1,-1.25031182301294,60.3957217054297,1611532001.88129,1611.53200188129,"success"
"293","A71_P1",2,-6.02872235482594,56.4489479856068,925019964.723472,925.019964723472,"success"
"293","A71_P1",3,2.46723792925696,46.5786929544103,538047721464.669,538047.721464669,"success"
"293","A71_P1",4,-5.09616922778356,55.8302498555992,121243246.733096,121.243246733096,"success"
"293","A71_P1",5,-4.54817833062864,54.2234599297386,586336038.757315,586.336038757315,"success"
"293","A71_P1",6,-5.2402952646554,55.5750849098496,421787234.110378,421.787234110378,"success"
"293","A71_P1",7,-5.91130590928973,55.9652810689564,370343718.614818,370.343718614817,"success"
"293","A71_P1",8,-1.91619343503823,54.3089653,NA,NA,"area_failed"
"293","A71_P1",9,-6.2497812452269,55.766537577258,623851080.828302,623.851080828302,"success"
"293","A71_P1",10,-7.92569325329116,53.4089143468173,83873718158.432,83873.718158432,"success"
"293","A71_P1",11,-2.99822452548069,59.0485173299616,1602307194.92075,1602.30719492075,"success"
"293","A71_P1",12,10.3647704092446,51.031610236299,353909259778.841,353909.259778841,"success"
"293","A71_P1",13,-6.23771309074596,57.3641413186138,1789315480.80864,1789.31548080864,"success"
"293","A71_P1",14,-6.87994038981514,57.9044754486622,3230444481.29034,3230.44448129034,"success"
"293","A71_P1",15,5.57076987211225,52.2161115471927,35562607781.2737,35562.6077812737,"success"
"293","A71_P1",16,9.35938058596351,56.2425205019833,30519689527.3353,30519.6895273353,"success"
"293","A71_P1",17,10.3330289469357,55.3273519582509,3003109781.41425,3003.10978141425,"success"
"293","A71_P1",18,11.8726386871243,55.5609608483687,7183860326.12158,7183.86032612158,"success"
"293","A71_P1",19,11.4229690226736,54.7835908347038,1225500820.0346,1225.5008200346,"success"
"293","A71_P1",20,11.9391876825097,54.8098302323238,506988913.492009,506.988913492009,"success"
"293","A71_P1",21,4.77944892226652,50.57186310529,33149913325.5258,33149.9133255258,"success"
"294","A72_P1",1,9.91177366258353,46.3496539487564,8827759.93865483,8.82775993865483,"success"
"295","A73_P1",1,-102.66592742191,42.7627265138651,2352091827467.15,2352091.82746715,"success"
"296","A74_P1",1,146.78127846416,-42.3246162803473,5066412429.71444,5066.41242971444,"success"
"297","A75_P1",1,48.9835195495249,-14.0379444274773,936578737.406891,936.578737406891,"success"
"298","A76_P1",1,-116.206659541392,39.1842279073757,532608088998.874,532608.088998874,"success"
"299","A76_P2",1,-116.206659541392,39.1842279073757,532608088998.874,532608.088998874,"success"
"300","A77_P1",1,2.24933043619104,48.2508992630378,16112846326.8088,16112.8463268088,"success"
"301","A77_P2",1,10.7797984329645,46.6251955169965,59614767.552239,59.614767552239,"success"
"302","A78_P1",1,-139.500048270276,61.4746010973811,881793435.605672,881.793435605672,"success"
"303","A79_P1",1,4.99870046603747,45.4974529720394,12968095123.1676,12968.0951231676,"success"
"304","A8_P1",1,26.1638140261591,64.2380588690312,334150633176.551,334150.633176551,"success"
"304","A8_P1",2,19.9974620793346,60.2093958453608,1285693744.72453,1285.69374472453,"success"
"305","A8_P2",1,26.1638140261591,64.2380588690312,334150633176.551,334150.633176551,"success"
"305","A8_P2",2,19.9974620793346,60.2093958453608,1285693744.72453,1285.69374472453,"success"
"306","A8_P3",1,26.1638140261591,64.2380588690312,334150633176.551,334150.633176551,"success"
"306","A8_P3",2,19.9974620793346,60.2093958453608,1285693744.72453,1285.69374472453,"success"
"307","A80_P1",1,7.55687179433685,46.2071244465177,5168822647.93007,5168.82264793007,"success"
"308","A81_P1",1,-75.4512887116039,55.547315219901,1050662188.14802,1050.66218814802,"success"
"309","A81_P2",1,-75.4337717702202,56.2330180796044,91140600.2040869,91.1406002040869,"success"
"310","A81_P3",1,-75.567301863654,57.1202690716761,17889599.8439255,17.8895998439255,"success"
"311","A81_P4",1,-75.4841081520664,58.0598976089866,21761596.1004203,21.7615961004203,"success"
"312","A82_P1",1,-73.8297372858357,39.428436461019,27442532892.1069,27442.5328921069,"success"
"313","A83_P1",1,134.903218269459,34.5318839921014,191364907727.844,191364.907727843,"success"
"314","A84_P1",1,24.475062865497,69.8186665480573,87693874335.8518,87693.8743358518,"success"
"315","A85_P1",1,-71.7673859550086,49.6153897410115,807866271337.371,807866.271337371,"success"
"316","A85_P2",1,-71.7673859550086,49.6153897410115,807866271337.371,807866.271337371,"success"
"317","A86_P1",1,2.60480991194546,56.124304056636,426292320183.526,426292.320183526,"success"
"318","A87_P1",1,40.2075918115345,43.9556896880384,135925960.127685,135.925960127685,"success"
"319","A87_P2",1,40.2075918115345,43.9556896880384,135925960.127685,135.925960127685,"success"
"320","A87_P3",1,40.2075918115345,43.9556896880384,135925960.127685,135.925960127685,"success"
"321","A87_P4",1,40.2075918115345,43.9556896880384,135925960.127685,135.925960127685,"success"
"322","A88_P1",1,-79.9089648830901,45.0581073970435,126718321191.238,126718.321191238,"success"
"323","A89_P1",1,-71.1573271206626,45.4591024979811,62345163.7207867,62.3451637207867,"success"
"324","A9_P1",1,26.1638140261591,64.2380588690312,334150633176.551,334150.633176551,"success"
"324","A9_P1",2,19.9974620793346,60.2093958453608,1285693744.72453,1285.69374472453,"success"
"325","A90_P1",1,174.124355353922,-39.3457450844128,6116552.69477763,6.11655269477763,"success"
"326","A90_P2",1,174.161837428968,-39.3139187524402,7910992.67299984,7.91099267299984,"success"
"327","A91_P1",1,-1.73762137056918,12.2633416093173,276023560149.308,276023.560149308,"success"
"328","A92_P1",1,119.379646494703,30.3099673941807,153044151.12392,153.04415112392,"success"
"329","A93_P1",1,26.7310723134507,-28.7890881842149,905897020819.407,905897.020819407,"success"
"330","A94_P1",1,-33.634179017736,50.078677221649,13595253649214.2,13595253.6492142,"success"
"331","A95_P1",1,33.5487644181103,67.6954280171735,139019904.579027,139.019904579027,"success"
"332","A96_P1",1,-80.8081617108409,43.2071160288482,37070939580.9384,37070.9395809384,"success"
"333","A97_P1",1,-168.684486829301,59.7421859552295,809046992807.638,809046.992807638,"success"
"334","A98_P1",1,24.475062865497,69.8186665480573,87693874335.8518,87693.8743358518,"success"
"335","A99_P1",1,13.8444645286297,62.2262407829055,46352775966.2549,46352.7759662549,"success"
"336","A99_P2",1,13.8444645286297,62.2262407829055,46352775966.2549,46352.7759662549,"success"
"337","A99_P3",1,13.8444645286297,62.2262407829055,46352775966.2549,46352.7759662549,"success"
